block_s,key,pt,ci_lo,ci_hi,width,se
10,ZM1_minus_Spcmic3OA_Franck,18.959,18.472,19.629,1.156,0.295
10,ZM1_minus_Spcmic3OA_Prokofiev,17.523,16.930,18.305,1.375,0.348
10,rolloff_0_3_ZMOneFranck,27.396,26.885,28.073,1.188,0.294
10,rolloff_0_3_ZMOneProkofiev,26.003,25.394,26.800,1.406,0.365
10,rolloff_0_3_SpcmicThreeOAFranck,8.438,8.430,8.447,0.017,0.004
10,rolloff_0_3_SpcmicThreeOAProkofiev,8.480,8.467,8.493,0.026,0.007
10,rolloff_0_3_SpcmicFiveOAFranck,15.102,14.976,15.248,0.272,0.068
10,rolloff_0_3_SpcmicFiveOAProkofiev,15.487,15.318,15.676,0.358,0.090
20,ZM1_minus_Spcmic3OA_Franck,18.959,18.530,19.815,1.285,0.323
20,ZM1_minus_Spcmic3OA_Prokofiev,17.523,16.943,18.511,1.567,0.400
20,rolloff_0_3_ZMOneFranck,27.396,26.945,28.094,1.149,0.307
20,rolloff_0_3_ZMOneProkofiev,26.003,25.398,26.984,1.587,0.413
20,rolloff_0_3_SpcmicThreeOAFranck,8.438,8.430,8.448,0.017,0.004
20,rolloff_0_3_SpcmicThreeOAProkofiev,8.480,8.468,8.494,0.026,0.007
20,rolloff_0_3_SpcmicFiveOAFranck,15.102,14.986,15.262,0.276,0.070
20,rolloff_0_3_SpcmicFiveOAProkofiev,15.487,15.309,15.690,0.381,0.098
30,ZM1_minus_Spcmic3OA_Franck,18.959,18.558,19.856,1.298,0.331
30,ZM1_minus_Spcmic3OA_Prokofiev,17.523,16.855,18.570,1.716,0.445
30,rolloff_0_3_ZMOneFranck,27.396,26.956,28.264,1.308,0.332
30,rolloff_0_3_ZMOneProkofiev,26.003,25.382,27.075,1.693,0.441
30,rolloff_0_3_SpcmicThreeOAFranck,8.438,8.432,8.448,0.017,0.004
30,rolloff_0_3_SpcmicThreeOAProkofiev,8.480,8.470,8.493,0.023,0.006
30,rolloff_0_3_SpcmicFiveOAFranck,15.102,15.004,15.271,0.266,0.068
30,rolloff_0_3_SpcmicFiveOAProkofiev,15.487,15.306,15.721,0.414,0.108
60,ZM1_minus_Spcmic3OA_Franck,18.959,18.589,19.919,1.330,0.348
60,ZM1_minus_Spcmic3OA_Prokofiev,17.523,16.931,18.741,1.810,0.468
60,rolloff_0_3_ZMOneFranck,27.396,27.002,28.369,1.368,0.353
60,rolloff_0_3_ZMOneProkofiev,26.003,25.426,27.199,1.773,0.460
60,rolloff_0_3_SpcmicThreeOAFranck,8.438,8.432,8.450,0.018,0.004
60,rolloff_0_3_SpcmicThreeOAProkofiev,8.480,8.473,8.491,0.017,0.004
60,rolloff_0_3_SpcmicFiveOAFranck,15.102,14.998,15.258,0.260,0.066
60,rolloff_0_3_SpcmicFiveOAProkofiev,15.487,15.258,15.735,0.477,0.123
120,ZM1_minus_Spcmic3OA_Franck,18.959,18.670,19.925,1.255,0.331
120,ZM1_minus_Spcmic3OA_Prokofiev,17.523,17.012,18.753,1.741,0.462
120,rolloff_0_3_ZMOneFranck,27.396,27.105,28.384,1.279,0.322
120,rolloff_0_3_ZMOneProkofiev,26.003,25.585,27.262,1.678,0.446
120,rolloff_0_3_SpcmicThreeOAFranck,8.438,8.433,8.451,0.018,0.005
120,rolloff_0_3_SpcmicThreeOAProkofiev,8.480,8.472,8.489,0.016,0.004
120,rolloff_0_3_SpcmicFiveOAFranck,15.102,14.987,15.230,0.243,0.061
120,rolloff_0_3_SpcmicFiveOAProkofiev,15.487,15.231,15.784,0.553,0.141
