kind,piece,config,n_frames,n_full_frames,order0_dBFS,order1_dBFS,order2_dBFS,order3_dBFS,rolloff_0_3_dB,ci_lo,ci_hi,bootstrap_se,block_s,replicates,seed,ci_source,cache,offset_frames,xcorr_peak,xcorr_second_lag,xcorr_second,xcorr_table,unambiguous,n_paired_frames,delta_pt_dB,delta_fullrange_dB,zm1_rolloff_aligned_dB,spcmic_rolloff_aligned_dB,reason
single,Franck,Spcmic3OA_corpus,1148,1147,-26.246,-30.788,-33.039,-34.684,8.438,8.432,8.448,0.004,30,2000,2026,rolloff_bootstrap.csv,,,,,,,,,,,,,
single,Prokofiev,Spcmic3OA_corpus,984,984,-25.669,-30.282,-32.307,-34.149,8.480,8.470,8.493,0.006,30,2000,2026,rolloff_bootstrap.csv,,,,,,,,,,,,,
single,Franck,factory,1148,1147,-23.216,-31.783,-42.925,-50.612,27.396,26.956,28.264,0.332,30,2000,2026,rolloff_bootstrap.csv,cache/frames_ZMOne_factory_Franck.npz,,,,,,,,,,,,
single,Franck,tikhonov,1146,1145,-45.695,-49.752,-47.553,-39.079,-6.616,-6.727,-6.507,0.056,30,2000,2026,this script,cache/frames_ZMOne_tikhonov_Franck.npz,,,,,,,,,,,,
single,Franck,tikhonov_ordlim,1146,1145,-45.695,-49.754,-47.780,-48.928,3.233,2.843,3.692,0.210,30,2000,2026,this script,cache/frames_ZMOne_tikhonov_ordlim_Franck.npz,,,,,,,,,,,,
single,Franck,softlimit_20,1146,1145,-45.727,-49.803,-51.505,-49.245,3.517,3.412,3.627,0.053,30,2000,2026,this script,cache/frames_ZMOne_softlimit_20_Franck.npz,,,,,,,,,,,,
single,Franck,softlimit_30,1146,1145,-45.694,-49.558,-47.681,-40.476,-5.218,-5.277,-5.166,0.028,30,2000,2026,this script,cache/frames_ZMOne_softlimit_30_Franck.npz,,,,,,,,,,,,
single,Franck,softlimit_40,1146,1145,-45.691,-49.495,-44.633,-32.359,-13.331,-13.438,-13.259,0.045,30,2000,2026,this script,cache/frames_ZMOne_softlimit_40_Franck.npz,,,,,,,,,,,,
single,Franck,mmse_20,1146,1145,-45.697,-49.943,-55.873,-66.848,21.151,20.803,21.814,0.263,30,2000,2026,this script,cache/frames_ZMOne_mmse_20_Franck.npz,,,,,,,,,,,,
single,Prokofiev,factory,984,984,-22.838,-31.481,-40.903,-48.841,26.003,25.382,27.075,0.441,30,2000,2026,rolloff_bootstrap.csv,cache/frames_ZMOne_factory_Prokofiev.npz,,,,,,,,,,,,
single,Prokofiev,tikhonov,988,987,-45.219,-49.341,-47.205,-38.940,-6.278,-6.445,-6.136,0.079,30,2000,2026,this script,cache/frames_ZMOne_tikhonov_Prokofiev.npz,,,,,,,,,,,,
single,Prokofiev,tikhonov_ordlim,988,987,-45.219,-49.344,-47.473,-46.796,1.578,1.180,2.157,0.253,30,2000,2026,this script,cache/frames_ZMOne_tikhonov_ordlim_Prokofiev.npz,,,,,,,,,,,,
single,Prokofiev,softlimit_20,988,987,-45.252,-49.366,-50.843,-48.444,3.192,3.045,3.378,0.086,30,2000,2026,this script,cache/frames_ZMOne_softlimit_20_Prokofiev.npz,,,,,,,,,,,,
single,Prokofiev,softlimit_30,988,987,-45.217,-49.108,-47.207,-40.109,-5.108,-5.182,-5.065,0.030,30,2000,2026,this script,cache/frames_ZMOne_softlimit_30_Prokofiev.npz,,,,,,,,,,,,
single,Prokofiev,softlimit_40,988,987,-45.213,-49.037,-43.924,-32.296,-12.918,-13.117,-12.775,0.089,30,2000,2026,this script,cache/frames_ZMOne_softlimit_40_Prokofiev.npz,,,,,,,,,,,,
single,Prokofiev,mmse_20,988,987,-45.220,-49.510,-54.437,-64.886,19.666,19.079,20.614,0.397,30,2000,2026,this script,cache/frames_ZMOne_mmse_20_Prokofiev.npz,,,,,,,,,,,,
paired_vs_Spcmic3OA,Franck,factory,,,,,,,,18.558,19.856,0.331,30,2000,2026,rolloff_bootstrap.csv,,8,0.9680,7,0.8732,-10:0.1668;-9:0.1604;-8:0.1574;-7:0.1789;-6:0.2011;-5:0.2294;-4:0.2593;-3:0.2976;-2:0.3316;-1:0.3674;0:0.4081;1:0.4393;2:0.4710;3:0.5162;4:0.5708;5:0.6325;6:0.7311;7:0.8732;8:0.9680;9:0.8037;10:0.6708,True,1139,18.959,18.959,27.396,8.438,
paired_vs_Spcmic3OA,Franck,tikhonov,,,,,,,,-15.155,-14.948,0.054,30,2000,2026,this script,,8,0.9725,7,0.8865,-10:0.1791;-9:0.1726;-8:0.1676;-7:0.1810;-6:0.2026;-5:0.2303;-4:0.2593;-3:0.3060;-2:0.3390;-1:0.3715;0:0.4110;1:0.4392;2:0.4687;3:0.5135;4:0.5695;5:0.6372;6:0.7390;7:0.8865;8:0.9725;9:0.8056;10:0.6711,True,1139,-15.054,-15.054,-6.616,8.438,
paired_vs_Spcmic3OA,Franck,tikhonov_ordlim,,,,,,,,-5.598,-4.779,0.209,30,2000,2026,this script,,8,0.9725,7,0.8865,-10:0.1791;-9:0.1726;-8:0.1676;-7:0.1810;-6:0.2026;-5:0.2303;-4:0.2593;-3:0.3060;-2:0.3390;-1:0.3715;0:0.4110;1:0.4392;2:0.4687;3:0.5135;4:0.5695;5:0.6372;6:0.7390;7:0.8865;8:0.9725;9:0.8056;10:0.6711,True,1139,-5.205,-5.205,3.233,8.438,
paired_vs_Spcmic3OA,Franck,softlimit_20,,,,,,,,-5.023,-4.813,0.053,30,2000,2026,this script,,8,0.9725,7,0.8867,-10:0.1813;-9:0.1745;-8:0.1696;-7:0.1832;-6:0.2051;-5:0.2330;-4:0.2621;-3:0.3087;-2:0.3414;-1:0.3733;0:0.4127;1:0.4414;2:0.4709;3:0.5156;4:0.5716;5:0.6385;6:0.7397;7:0.8867;8:0.9725;9:0.8072;10:0.6735,True,1139,-4.920,-4.920,3.517,8.438,
paired_vs_Spcmic3OA,Franck,softlimit_30,,,,,,,,-13.712,-13.609,0.027,30,2000,2026,this script,,8,0.9724,7,0.8869,-10:0.1848;-9:0.1775;-8:0.1728;-7:0.1867;-6:0.2090;-5:0.2372;-4:0.2663;-3:0.3127;-2:0.3449;-1:0.3759;0:0.4152;1:0.4446;2:0.4743;3:0.5186;4:0.5745;5:0.6404;6:0.7408;7:0.8869;8:0.9724;9:0.8096;10:0.6771,True,1139,-13.656,-13.656,-5.218,8.438,
paired_vs_Spcmic3OA,Franck,softlimit_40,,,,,,,,-21.875,-21.698,0.044,30,2000,2026,this script,,8,0.9723,7,0.8869,-10:0.1856;-9:0.1783;-8:0.1736;-7:0.1876;-6:0.2100;-5:0.2383;-4:0.2674;-3:0.3137;-2:0.3458;-1:0.3765;0:0.4158;1:0.4454;2:0.4751;3:0.5194;4:0.5753;5:0.6409;6:0.7410;7:0.8869;8:0.9723;9:0.8102;10:0.6780,True,1139,-21.769,-21.769,-13.331,8.438,
paired_vs_Spcmic3OA,Franck,mmse_20,,,,,,,,12.366,13.401,0.263,30,2000,2026,this script,,8,0.9724,7,0.8869,-10:0.1841;-9:0.1769;-8:0.1721;-7:0.1860;-6:0.2082;-5:0.2363;-4:0.2655;-3:0.3118;-2:0.3442;-1:0.3754;0:0.4147;1:0.4439;2:0.4736;3:0.5180;4:0.5739;5:0.6400;6:0.7406;7:0.8869;8:0.9724;9:0.8091;10:0.6763,True,1139,12.713,12.713,21.151,8.438,
paired_vs_Spcmic3OA,Prokofiev,factory,,,,,,,,16.855,18.570,0.445,30,2000,2026,rolloff_bootstrap.csv,,-8,0.9789,-7,0.8487,-10:0.7241;-9:0.8221;-8:0.9789;-7:0.8487;-6:0.7338;-5:0.6380;-4:0.5562;-3:0.4993;-2:0.4448;-1:0.3877;0:0.3541;1:0.3143;2:0.2753;3:0.2371;4:0.2131;5:0.1728;6:0.1603;7:0.1451;8:0.1310;9:0.1216;10:0.1125,True,976,17.523,17.523,26.003,8.480,
paired_vs_Spcmic3OA,Prokofiev,tikhonov,,,,,,,,,,,30,2000,2026,this script,,-3,0.9629,-4,0.9193,-10:0.4058;-9:0.4419;-8:0.4892;-7:0.5562;-6:0.6572;-5:0.7702;-4:0.9193;-3:0.9629;-2:0.8138;-1:0.6980;0:0.5753;1:0.4862;2:0.4398;3:0.3913;4:0.3599;5:0.3355;6:0.2952;7:0.2588;8:0.2286;9:0.1952;10:0.1639,False,,,,,,xcorr peak 0.9629 at lag -3 not unambiguous (second 0.9193 at -4); no paired estimate
INFORMATIONAL_ambiguous_lag_do_not_cite,Prokofiev,tikhonov,,,,,,,,-14.927,-14.615,0.078,30,2000,2026,this script,,-3,0.9629,,,,,984,-14.758,-14.758,,,
INFORMATIONAL_ambiguous_lag_do_not_cite,Prokofiev,tikhonov,,,,,,,,-14.925,-14.615,0.078,30,2000,2026,this script,,-4,0.9193,,,,,983,-14.758,-14.758,,,
paired_vs_Spcmic3OA,Prokofiev,tikhonov_ordlim,,,,,,,,,,,30,2000,2026,this script,,-3,0.9629,-4,0.9193,-10:0.4058;-9:0.4419;-8:0.4892;-7:0.5562;-6:0.6572;-5:0.7702;-4:0.9193;-3:0.9629;-2:0.8138;-1:0.6980;0:0.5753;1:0.4862;2:0.4398;3:0.3913;4:0.3599;5:0.3355;6:0.2952;7:0.2588;8:0.2286;9:0.1952;10:0.1639,False,,,,,,xcorr peak 0.9629 at lag -3 not unambiguous (second 0.9193 at -4); no paired estimate
INFORMATIONAL_ambiguous_lag_do_not_cite,Prokofiev,tikhonov_ordlim,,,,,,,,-7.309,-6.329,0.253,30,2000,2026,this script,,-3,0.9629,,,,,984,-6.902,-6.902,,,
INFORMATIONAL_ambiguous_lag_do_not_cite,Prokofiev,tikhonov_ordlim,,,,,,,,-7.308,-6.322,0.254,30,2000,2026,this script,,-4,0.9193,,,,,983,-6.902,-6.902,,,
paired_vs_Spcmic3OA,Prokofiev,softlimit_20,,,,,,,,,,,30,2000,2026,this script,,-3,0.9630,-4,0.9190,-10:0.4074;-9:0.4438;-8:0.4916;-7:0.5582;-6:0.6585;-5:0.7704;-4:0.9190;-3:0.9630;-2:0.8144;-1:0.6996;0:0.5771;1:0.4877;2:0.4412;3:0.3927;4:0.3613;5:0.3369;6:0.2964;7:0.2597;8:0.2296;9:0.1960;10:0.1645,False,,,,,,xcorr peak 0.9630 at lag -3 not unambiguous (second 0.9190 at -4); no paired estimate
INFORMATIONAL_ambiguous_lag_do_not_cite,Prokofiev,softlimit_20,,,,,,,,-5.440,-5.100,0.086,30,2000,2026,this script,,-3,0.9630,,,,,984,-5.288,-5.288,,,
INFORMATIONAL_ambiguous_lag_do_not_cite,Prokofiev,softlimit_20,,,,,,,,-5.439,-5.103,0.087,30,2000,2026,this script,,-4,0.9190,,,,,983,-5.288,-5.288,,,
paired_vs_Spcmic3OA,Prokofiev,softlimit_30,,,,,,,,,,,30,2000,2026,this script,,-3,0.9631,-4,0.9187,-10:0.4099;-9:0.4470;-8:0.4954;-7:0.5613;-6:0.6606;-5:0.7709;-4:0.9187;-3:0.9631;-2:0.8154;-1:0.7021;0:0.5800;1:0.4903;2:0.4436;3:0.3949;4:0.3635;5:0.3389;6:0.2982;7:0.2613;8:0.2310;9:0.1972;10:0.1654,False,,,,,,xcorr peak 0.9631 at lag -3 not unambiguous (second 0.9187 at -4); no paired estimate
INFORMATIONAL_ambiguous_lag_do_not_cite,Prokofiev,softlimit_30,,,,,,,,-13.661,-13.549,0.029,30,2000,2026,this script,,-3,0.9631,,,,,984,-13.588,-13.588,,,
INFORMATIONAL_ambiguous_lag_do_not_cite,Prokofiev,softlimit_30,,,,,,,,-13.660,-13.550,0.029,30,2000,2026,this script,,-4,0.9187,,,,,983,-13.588,-13.588,,,
paired_vs_Spcmic3OA,Prokofiev,softlimit_40,,,,,,,,,,,30,2000,2026,this script,,-3,0.9631,-4,0.9185,-10:0.4106;-9:0.4478;-8:0.4964;-7:0.5622;-6:0.6611;-5:0.7710;-4:0.9185;-3:0.9631;-2:0.8156;-1:0.7027;0:0.5808;1:0.4909;2:0.4442;3:0.3955;4:0.3640;5:0.3395;6:0.2987;7:0.2617;8:0.2313;9:0.1975;10:0.1657,False,,,,,,xcorr peak 0.9631 at lag -3 not unambiguous (second 0.9185 at -4); no paired estimate
INFORMATIONAL_ambiguous_lag_do_not_cite,Prokofiev,softlimit_40,,,,,,,,-21.595,-21.251,0.089,30,2000,2026,this script,,-3,0.9631,,,,,984,-21.398,-21.398,,,
INFORMATIONAL_ambiguous_lag_do_not_cite,Prokofiev,softlimit_40,,,,,,,,-21.589,-21.250,0.089,30,2000,2026,this script,,-4,0.9185,,,,,983,-21.397,-21.398,,,
paired_vs_Spcmic3OA,Prokofiev,mmse_20,,,,,,,,,,,30,2000,2026,this script,,-3,0.9631,-4,0.9188,-10:0.4094;-9:0.4463;-8:0.4946;-7:0.5607;-6:0.6601;-5:0.7708;-4:0.9188;-3:0.9631;-2:0.8152;-1:0.7016;0:0.5794;1:0.4898;2:0.4431;3:0.3945;4:0.3630;5:0.3385;6:0.2978;7:0.2610;8:0.2307;9:0.1969;10:0.1652,False,,,,,,xcorr peak 0.9631 at lag -3 not unambiguous (second 0.9188 at -4); no paired estimate
INFORMATIONAL_ambiguous_lag_do_not_cite,Prokofiev,mmse_20,,,,,,,,10.586,12.119,0.398,30,2000,2026,this script,,-3,0.9631,,,,,984,11.186,11.186,,,
INFORMATIONAL_ambiguous_lag_do_not_cite,Prokofiev,mmse_20,,,,,,,,10.586,12.124,0.398,30,2000,2026,this script,,-4,0.9188,,,,,983,11.186,11.186,,,
